ady;		adt;			adtau
0;			1;				0
mady;		nady;			madt;			nadt;			madtau;			nadtau
0.25;		0.75;			0.75;			0.25;			0.25;			0.75
scheme;		symbc;			guess;			revtime;		considerlim
0;			1;				1;				0;				0
minout;		termout
5;			1
tol;		tolbreak;		thressmallamp;	thresoneway1;	thresoneway2;	relax;			thresadhesion;		threscavity;	threslin;
thresstok;	nsubsvel;		thresthin;		thressemi;		threspcompr;	thresincompr;	nudummy;			thresdomhd;	thresreduce
0.5e-5;		0.5e-3;			0.10;			0.10;			0.10;			1.00;			0.65e10;			1.0e8;
2.50e5;
0.10e3;		25;				0.1;			10.0;			0.001;			0.50;			0.49;				0.9;
0.20e10
nt;			nr;				ny;				nz;				ntau
501;		1501; 	  	 	51;				41;				101
tstart;		tend;							rinf;			tauinf
0.0;		6.28318530717959;		  		300.0;			100.0
